{
  "system": {
    "platform": "Windows-11-10.0.26200-SP0",
    "processor": "Intel64 Family 6 Model 154 Stepping 4, GenuineIntel",
    "python_version": "3.13.12",
    "cpu_count": 12,
    "timestamp": "2026-02-19T21:53:38.329466+00:00"
  },
  "identity": {
    "ed25519_keygen": {
      "iterations": 1000,
      "mean_ms": 0.03650549960730132,
      "median_ms": 0.03609999839682132,
      "p50_ms": 0.03609999839682132,
      "p95_ms": 0.03779999678954482,
      "p99_ms": 0.04260000423528254,
      "min_ms": 0.0354999938281253,
      "max_ms": 0.08030000026337802,
      "stdev_ms": 0.0018211414725066203,
      "ops_per_sec": 27393.1328363465
    },
    "signature_creation": {
      "iterations": 1000,
      "mean_ms": 0.043859499899554066,
      "median_ms": 0.040099999750964344,
      "p50_ms": 0.040099999750964344,
      "p95_ms": 0.05630000669043511,
      "p99_ms": 0.08540000999346375,
      "min_ms": 0.038300000596791506,
      "max_ms": 0.3622000076575205,
      "stdev_ms": 0.013315545696943546,
      "ops_per_sec": 22800.07757247974
    },
    "signature_verification": {
      "iterations": 1000,
      "mean_ms": 0.10741400005645119,
      "median_ms": 0.10600000678095967,
      "p50_ms": 0.10600000678095967,
      "p95_ms": 0.11320000339765102,
      "p99_ms": 0.14350000128615648,
      "min_ms": 0.10399999155197293,
      "max_ms": 0.20400001085363328,
      "stdev_ms": 0.006292176079582613,
      "ops_per_sec": 9309.77339522271
    },
    "did_generation": {
      "iterations": 1000,
      "mean_ms": 0.0039420002431143075,
      "median_ms": 0.0037999998312443495,
      "p50_ms": 0.0037999998312443495,
      "p95_ms": 0.0043000036384910345,
      "p99_ms": 0.004899993655271828,
      "min_ms": 0.0034999975468963385,
      "max_ms": 0.04169999738223851,
      "stdev_ms": 0.0012841591990450265,
      "ops_per_sec": 253678.32022505603
    },
    "json_roundtrip": {
      "iterations": 1000,
      "mean_ms": 0.008325799950398505,
      "median_ms": 0.00829999044071883,
      "p50_ms": 0.00829999044071883,
      "p95_ms": 0.008600007276982069,
      "p99_ms": 0.009099996532313526,
      "min_ms": 0.007800001185387373,
      "max_ms": 0.019400002202019095,
      "stdev_ms": 0.0006449578298325305,
      "ops_per_sec": 120108.57887020647
    },
    "identity_creation": {
      "iterations": 1000,
      "mean_ms": 0.05869049995089881,
      "median_ms": 0.05599998985417187,
      "p50_ms": 0.05599998985417187,
      "p95_ms": 0.066100008552894,
      "p99_ms": 0.11130000348202884,
      "min_ms": 0.052799994591623545,
      "max_ms": 0.47400000039488077,
      "stdev_ms": 0.02023631165204054,
      "ops_per_sec": 17038.532655823554
    }
  },
  "trust": {
    "trust_score_evaluation": {
      "iterations": 500,
      "mean_ms": 0.09888060000957921,
      "median_ms": 0.09580000187270343,
      "p50_ms": 0.09580000187270343,
      "p95_ms": 0.11059999815188348,
      "p99_ms": 0.16849998792167753,
      "min_ms": 0.09219998901244253,
      "max_ms": 0.2851000026566908,
      "stdev_ms": 0.015104827941990504,
      "ops_per_sec": 10113.20724088571
    },
    "trust_score_update": {
      "iterations": 10000,
      "mean_ms": 0.00041625994053902106,
      "median_ms": 0.00039998849388211966,
      "p50_ms": 0.00039998849388211966,
      "p95_ms": 0.000500003807246685,
      "p99_ms": 0.001500011421740055,
      "min_ms": 0.000200001522898674,
      "max_ms": 0.11490000179037452,
      "stdev_ms": 0.0015078119858858232,
      "ops_per_sec": 2402345.031580712
    },
    "decay_calculation": {
      "iterations": 1000,
      "mean_ms": 0.007910400090622716,
      "median_ms": 0.007399998139590025,
      "p50_ms": 0.007399998139590025,
      "p95_ms": 0.007700000423938036,
      "p99_ms": 0.018399994587525725,
      "min_ms": 0.007099995855242014,
      "max_ms": 0.21630000264849514,
      "stdev_ms": 0.007334498410823973,
      "ops_per_sec": 126415.85615693919
    },
    "trust_handshake": {
      "iterations": 100,
      "mean_ms": 60.93501500057755,
      "median_ms": 63.97260000085225,
      "p50_ms": 63.97470000956673,
      "p95_ms": 67.15899999835528,
      "p99_ms": 68.14509999821894,
      "min_ms": 51.38299999816809,
      "max_ms": 68.14509999821894,
      "stdev_ms": 6.1277001112040725,
      "ops_per_sec": 16.41092563923258
    },
    "concurrent_evaluations": {
      "iterations": 100,
      "mean_ms": 3.538762000389397,
      "median_ms": 2.1772499967482872,
      "p50_ms": 2.180499999667518,
      "p95_ms": 19.22230000491254,
      "p99_ms": 26.175799997872673,
      "min_ms": 1.0428000095998868,
      "max_ms": 26.175799997872673,
      "stdev_ms": 4.88077253730924,
      "ops_per_sec": 282.584700494117
    }
  },
  "policy": {
    "single_rule_evaluation": {
      "iterations": 10000,
      "mean_ms": 0.007344809996720869,
      "median_ms": 0.006399990525096655,
      "p50_ms": 0.006399990525096655,
      "p95_ms": 0.01069999416358769,
      "p99_ms": 0.024299995857290924,
      "min_ms": 0.0027999922167509794,
      "max_ms": 0.21129999367985874,
      "stdev_ms": 0.007145222156974071,
      "ops_per_sec": 136150.56079686957
    },
    "10_rule_evaluation": {
      "iterations": 5000,
      "mean_ms": 0.02757050011132378,
      "median_ms": 0.021800005924887955,
      "p50_ms": 0.021800005924887955,
      "p95_ms": 0.04739999712910503,
      "p99_ms": 0.10580000525806099,
      "min_ms": 0.010200004908256233,
      "max_ms": 0.36360000376589596,
      "stdev_ms": 0.020199616077643784,
      "ops_per_sec": 36270.6514558029
    },
    "100_rule_evaluation": {
      "iterations": 1000,
      "mean_ms": 0.1432607999886386,
      "median_ms": 0.13084999955026433,
      "p50_ms": 0.13089999265503138,
      "p95_ms": 0.2074999938486144,
      "p99_ms": 0.337499994202517,
      "min_ms": 0.07470000127796084,
      "max_ms": 1.0402000043541193,
      "stdev_ms": 0.05105213621739366,
      "ops_per_sec": 6980.276531188613
    },
    "yaml_loading": {
      "iterations": 500,
      "mean_ms": 30.290750599786406,
      "median_ms": 24.586150000686757,
      "p50_ms": 24.627399994642474,
      "p95_ms": 50.23330000403803,
      "p99_ms": 60.399099995265715,
      "min_ms": 20.842400001129135,
      "max_ms": 71.8434000009438,
      "stdev_ms": 10.533565850931181,
      "ops_per_sec": 33.01337801800961
    },
    "pattern_matching": {
      "iterations": 5000,
      "mean_ms": 0.16896973986877128,
      "median_ms": 0.13564999972004443,
      "p50_ms": 0.1357000001007691,
      "p95_ms": 0.23879999935161322,
      "p99_ms": 0.34729999606497586,
      "min_ms": 0.12199999764561653,
      "max_ms": 0.7760000007692724,
      "stdev_ms": 0.0519257729429545,
      "ops_per_sec": 5918.219444361105
    },
    "policy_engine_evaluate": {
      "iterations": 1000,
      "mean_ms": 0.004912000280455686,
      "median_ms": 0.0048000074457377195,
      "p50_ms": 0.0048000074457377195,
      "p95_ms": 0.005299996701069176,
      "p99_ms": 0.005699999746866524,
      "min_ms": 0.00449999060947448,
      "max_ms": 0.017000013031065464,
      "stdev_ms": 0.0005257117470352154,
      "ops_per_sec": 203583.0502654674
    }
  },
  "audit": {
    "audit_entry_write": {
      "iterations": 5000,
      "mean_ms": 0.010020679989247583,
      "median_ms": 0.005699999746866524,
      "p50_ms": 0.005699999746866524,
      "p95_ms": 0.01720000000204891,
      "p99_ms": 0.0391000066883862,
      "min_ms": 0.004799992893822491,
      "max_ms": 0.24259999918285757,
      "stdev_ms": 0.009484856849979613,
      "ops_per_sec": 99793.62688690017
    },
    "merkle_chain_verification": {
      "verify_100": {
        "chain_length": 100,
        "iterations": 50,
        "mean_ms": 0.39874799869721755,
        "p50_ms": 0.39209998794831336,
        "p95_ms": 0.5823999963467941,
        "p99_ms": 0.7733999955235049,
        "ops_per_sec": 2507.849577345046
      },
      "verify_1000": {
        "chain_length": 1000,
        "iterations": 5,
        "mean_ms": 4.033959997468628,